Configuration,Test Accuracy
Config 1,0.7465000152587891
Config 2,0.7716000080108643
Config 3,0.7447999715805054
Config 4,0.7702000141143799
Config 5,0.7520999908447266
