Model,Test Accuracy
Experiment 3,0.003000000026077032
Fine-Tuned Model,0.003000000026077032
