configuration,test_accuracy,test_loss
1,0.7164999842643738,1.0023735761642456
